Rank,Class,NSmells,LOC,Methods,Selected
1,openjpa-persistence/src/main/java/org/apache/openjpa/persistence/AnnotationPersistenceMetaDataParser.java,612,2050,85,
2,openjpa-jdbc/src/main/java/org/apache/openjpa/jdbc/sql/OracleDictionary.java,609,1466,60,
3,openjpa-kernel/src/main/java/org/apache/openjpa/util/ProxyManagerImpl.java,602,1783,79,
4,openjpa-kernel/src/main/java/org/apache/openjpa/kernel/Filters.java,600,1065,63,YES (first+3)
5,openjpa-jdbc/src/main/java/org/apache/openjpa/jdbc/kernel/JDBCStoreQuery.java,589,1028,25,
6,openjpa-jdbc/src/main/java/org/apache/openjpa/jdbc/meta/MappingRepository.java,577,1480,94,
7,openjpa-jdbc/src/main/java/org/apache/openjpa/jdbc/kernel/exps/PCPath.java,550,1078,52,
8,openjpa-persistence/src/main/java/org/apache/openjpa/persistence/AnnotationPersistenceMetaDataSerializer.java,532,1412,85,
9,openjpa-jdbc/src/main/java/org/apache/openjpa/jdbc/meta/strats/RelationFieldStrategy.java,450,1037,28,
10,openjpa-persistence/src/main/java/org/apache/openjpa/persistence/XMLPersistenceMetaDataSerializer.java,447,1392,64,
11,openjpa-jdbc/src/main/java/org/apache/openjpa/jdbc/schema/SchemaTool.java,442,1581,48,
12,openjpa-kernel/src/main/java/org/apache/openjpa/enhance/Reflection.java,427,927,91,
13,openjpa-kernel/src/main/java/org/apache/openjpa/kernel/exps/InMemoryExpressionFactory.java,394,797,91,
14,openjpa-jdbc/src/main/java/org/apache/openjpa/jdbc/sql/RowImpl.java,394,953,33,
15,openjpa-jdbc/src/main/java/org/apache/openjpa/jdbc/sql/PostgresDictionary.java,386,1026,46,
16,openjpa-kernel/src/main/java/org/apache/openjpa/kernel/FetchConfigurationImpl.java,386,1036,96,
17,openjpa-jdbc/src/main/java/org/apache/openjpa/jdbc/meta/ClassMapping.java,350,1054,77,
18,openjpa-persistence/src/main/java/org/apache/openjpa/persistence/PersistenceProductDerivation.java,323,921,40,
19,openjpa-jdbc/src/main/java/org/apache/openjpa/jdbc/sql/DB2Dictionary.java,316,1158,40,
20,openjpa-lib/src/main/java/org/apache/openjpa/lib/util/concurrent/ConcurrentHashMap.java,307,867,72,
21,openjpa-jdbc/src/main/java/org/apache/openjpa/jdbc/kernel/exps/JDBCExpressionFactory.java,290,596,90,
22,openjpa-kernel/src/main/java/org/apache/openjpa/kernel/SingleFieldManager.java,289,857,34,
23,openjpa-kernel/src/main/java/org/apache/openjpa/kernel/DetachManager.java,288,809,37,
24,openjpa-jdbc/src/main/java/org/apache/openjpa/jdbc/schema/Table.java,280,865,86,
25,openjpa-kernel/src/main/java/org/apache/openjpa/util/ApplicationIds.java,266,662,38,
26,openjpa-jdbc/src/main/java/org/apache/openjpa/jdbc/kernel/TableJDBCSeq.java,265,897,46,
27,openjpa-kernel/src/main/java/org/apache/openjpa/datacache/DataCacheStoreManager.java,258,774,20,
28,openjpa-kernel/src/main/java/org/apache/openjpa/datacache/QueryCacheStoreQuery.java,254,695,59,
29,openjpa-slice/src/main/java/org/apache/openjpa/slice/jdbc/DistributedJDBCStoreManager.java,237,543,41,
30,openjpa-jdbc/src/main/java/org/apache/openjpa/jdbc/schema/Column.java,231,930,89,
31,openjpa-kernel/src/main/java/org/apache/openjpa/meta/JavaTypes.java,229,503,13,
32,openjpa-jdbc/src/main/java/org/apache/openjpa/jdbc/schema/XMLSchemaParser.java,227,562,33,
33,openjpa-jdbc/src/main/java/org/apache/openjpa/jdbc/sql/SQLBuffer.java,224,628,36,
34,openjpa-lib/src/main/java/org/apache/openjpa/lib/identifier/IdentifierUtilImpl.java,218,548,63,
35,openjpa-lib/src/main/java/org/apache/openjpa/lib/meta/ClassArgParser.java,218,587,30,
36,openjpa-lib/src/main/java/org/apache/openjpa/lib/util/FormatPreservingProperties.java,218,609,39,
37,openjpa-persistence/src/main/java/org/apache/openjpa/persistence/criteria/CriteriaQueryImpl.java,215,718,65,
38,openjpa-jdbc/src/main/java/org/apache/openjpa/jdbc/kernel/exps/SelectConstructor.java,206,391,8,
39,openjpa-jdbc/src/main/java/org/apache/openjpa/jdbc/meta/strats/RelationRelationMapTableFieldStrategy.java,206,534,14,
40,openjpa-lib/src/main/java/org/apache/openjpa/lib/util/Options.java,204,588,30,
41,openjpa-kernel/src/main/java/org/apache/openjpa/util/asm/AsmHelper.java,204,645,25,
42,openjpa-xmlstore/src/main/java/org/apache/openjpa/xmlstore/XMLFileHandler.java,203,590,16,
43,openjpa-jdbc/src/main/java/org/apache/openjpa/jdbc/kernel/MappedQueryResultObjectProvider.java,200,475,15,
44,openjpa-jdbc/src/main/java/org/apache/openjpa/jdbc/schema/SchemaGroup.java,197,528,49,
45,openjpa-slice/src/main/java/org/apache/openjpa/slice/jdbc/DistributedPreparedStatement.java,194,336,45,
46,openjpa-slice/src/main/java/org/apache/openjpa/slice/jdbc/DistributedJDBCConfigurationImpl.java,190,629,54,
47,openjpa-jdbc/src/main/java/org/apache/openjpa/jdbc/meta/ValueMappingImpl.java,185,554,45,
48,openjpa-jdbc/src/main/java/org/apache/openjpa/jdbc/sql/PrimaryRow.java,183,448,26,
49,openjpa-jdbc/src/main/java/org/apache/openjpa/jdbc/meta/strats/HandlerFieldStrategy.java,172,414,15,
50,openjpa-jdbc/src/main/java/org/apache/openjpa/jdbc/meta/strats/HandlerRelationMapTableFieldStrategy.java,171,449,10,
51,openjpa-jdbc/src/main/java/org/apache/openjpa/jdbc/identifier/DBIdentifierUtilImpl.java,170,451,30,
52,openjpa-jdbc/src/main/java/org/apache/openjpa/jdbc/sql/JoinSet.java,167,367,33,
53,openjpa-persistence/src/main/java/org/apache/openjpa/persistence/PersistenceMetaDataFactory.java,167,571,43,
54,openjpa-persistence/src/main/java/org/apache/openjpa/persistence/criteria/CriteriaExpressionBuilder.java,166,352,10,
55,openjpa-examples/openbooks/src/main/java/openbook/server/OpenBookServiceImpl.java,164,400,17,
56,openjpa-jdbc/src/main/java/org/apache/openjpa/jdbc/sql/SolidDBDictionary.java,164,486,16,
57,openjpa-jest/src/main/java/org/apache/openjpa/persistence/jest/XMLFormatter.java,162,490,24,
58,openjpa-jdbc/src/main/java/org/apache/openjpa/jdbc/sql/MariaDBDictionary.java,160,488,21,
59,openjpa-kernel/src/main/java/org/apache/openjpa/kernel/VersionAttachStrategy.java,158,393,7,
60,openjpa-jdbc/src/main/java/org/apache/openjpa/jdbc/sql/MySQLDictionary.java,158,482,18,
61,openjpa-jdbc/src/main/java/org/apache/openjpa/jdbc/sql/ResultSetResult.java,158,540,14,
62,openjpa-jdbc/src/main/java/org/apache/openjpa/jdbc/kernel/PreparedQueryImpl.java,156,420,24,
63,openjpa-jdbc/src/main/java/org/apache/openjpa/jdbc/sql/SQLServerDictionary.java,156,428,19,
64,openjpa-jdbc/src/main/java/org/apache/openjpa/jdbc/schema/Schemas.java,155,233,5,
65,openjpa-persistence/src/main/java/org/apache/openjpa/persistence/QueryImpl.java,154,622,59,
66,openjpa-jdbc/src/main/java/org/apache/openjpa/jdbc/conf/JDBCConfigurationImpl.java,154,933,86,
67,openjpa-jdbc/src/main/java/org/apache/openjpa/jdbc/schema/XMLSchemaSerializer.java,153,412,14,
68,openjpa-kernel/src/main/java/org/apache/openjpa/datacache/DelegatingDataCache.java,151,382,64,
69,openjpa-lib/src/main/java/org/apache/openjpa/lib/conf/ProductDerivations.java,146,473,19,
70,openjpa-persistence/src/main/java/org/apache/openjpa/persistence/OpenJPAPersistenceUtil.java,143,289,6,
71,openjpa-kernel/src/main/java/org/apache/openjpa/kernel/InverseManager.java,141,379,11,
72,openjpa-kernel/src/main/java/org/apache/openjpa/enhance/RedefinitionHelper.java,138,220,9,
73,openjpa-jdbc/src/main/java/org/apache/openjpa/jdbc/kernel/SQLStoreQuery.java,138,380,16,
74,openjpa-kernel/src/main/java/org/apache/openjpa/kernel/AttachManager.java,137,335,20,
75,openjpa-kernel/src/main/java/org/apache/openjpa/kernel/DelegatingResultList.java,137,443,91,
76,openjpa-jdbc/src/main/java/org/apache/openjpa/jdbc/sql/DBDictionaryFactory.java,137,652,10,
77,openjpa-slice/src/main/java/org/apache/openjpa/slice/jdbc/DistributedStoreQuery.java,136,266,20,
78,openjpa-jdbc/src/main/java/org/apache/openjpa/jdbc/kernel/JDBCFetchConfigurationImpl.java,136,428,36,
79,openjpa-slice/src/main/java/org/apache/openjpa/slice/jdbc/DistributedSQLStoreQuery.java,132,267,21,
80,openjpa-jdbc/src/main/java/org/apache/openjpa/jdbc/kernel/ConstraintUpdateManager.java,131,500,12,
81,openjpa-kernel/src/main/java/org/apache/openjpa/conf/Compatibility.java,131,709,62,
82,openjpa-lib/src/main/java/org/apache/openjpa/lib/util/Files.java,130,303,19,
83,openjpa-persistence/src/main/java/org/apache/openjpa/persistence/meta/MetamodelImpl.java,130,419,26,
84,openjpa-slice/src/main/java/org/apache/openjpa/slice/jdbc/DistributedTemplate.java,129,298,49,
85,openjpa-jdbc/src/main/java/org/apache/openjpa/jdbc/meta/strats/PrimitiveFieldStrategy.java,129,394,13,
86,openjpa-kernel/src/main/java/org/apache/openjpa/meta/ProxySetupStateManager.java,127,293,37,
87,openjpa-jdbc/src/main/java/org/apache/openjpa/jdbc/meta/strats/LRSProxyMap.java,127,394,32,
88,openjpa-persistence/src/main/java/org/apache/openjpa/persistence/JPAFacadeHelper.java,126,317,17,
89,openjpa-jdbc/src/main/java/org/apache/openjpa/jdbc/sql/HSQLDictionary.java,123,372,15,
90,openjpa-kernel/src/main/java/org/apache/openjpa/kernel/PCDataImpl.java,122,314,30,
91,openjpa-jdbc/src/main/java/org/apache/openjpa/jdbc/meta/strats/HandlerCollectionTableFieldStrategy.java,121,292,11,
92,openjpa-xmlstore/src/main/java/org/apache/openjpa/xmlstore/ObjectData.java,121,342,11,
93,openjpa-kernel/src/main/java/org/apache/openjpa/kernel/ResultPacker.java,121,364,17,
94,openjpa-kernel/src/main/java/org/apache/openjpa/enhance/CodeGenerator.java,121,566,28,
95,openjpa-jdbc/src/main/java/org/apache/openjpa/jdbc/kernel/exps/SubQ.java,120,243,17,
96,openjpa-jdbc/src/main/java/org/apache/openjpa/jdbc/meta/Discriminator.java,120,395,41,
97,openjpa-examples/openbooks/src/main/java/openbook/util/PropertyHelper.java,119,282,23,
98,openjpa-lib/src/main/java/org/apache/openjpa/lib/util/CodeFormat.java,118,536,59,
99,openjpa-jdbc/src/main/java/org/apache/openjpa/jdbc/schema/ColumnIO.java,116,276,26,
100,openjpa-jdbc/src/main/java/org/apache/openjpa/jdbc/schema/TableSchemaFactory.java,115,468,31,
101,openjpa-examples/openbooks/src/main/java/jpa/tools/swing/MetamodelHelper.java,114,246,22,
102,openjpa-jdbc/src/main/java/org/apache/openjpa/jdbc/meta/Version.java,114,355,35,
103,openjpa-kernel/src/main/java/org/apache/openjpa/kernel/ManagedCache.java,110,276,11,
104,openjpa-jdbc/src/main/java/org/apache/openjpa/jdbc/kernel/FinderCacheImpl.java,110,374,31,
105,openjpa-jdbc/src/main/java/org/apache/openjpa/jdbc/meta/strats/RelationHandlerMapTableFieldStrategy.java,108,289,9,
106,openjpa-jdbc/src/main/java/org/apache/openjpa/jdbc/schema/Schema.java,107,311,27,
107,openjpa-kernel/src/main/java/org/apache/openjpa/meta/FetchGroup.java,107,354,21,
108,openjpa-persistence/src/main/java/org/apache/openjpa/persistence/FetchPlanImpl.java,107,428,64,
109,openjpa-jdbc/src/main/java/org/apache/openjpa/jdbc/sql/H2Dictionary.java,107,443,23,
110,openjpa-jdbc/src/main/java/org/apache/openjpa/jdbc/kernel/PreparedStatementManagerImpl.java,106,289,14,
111,openjpa-slice/src/main/java/org/apache/openjpa/slice/jdbc/DistributedConnection.java,104,343,47,
112,openjpa-jdbc/src/main/java/org/apache/openjpa/jdbc/kernel/NativeJDBCSeq.java,104,430,22,
113,openjpa-jdbc/src/main/java/org/apache/openjpa/jdbc/sql/FirebirdDictionary.java,104,458,16,
114,openjpa-kernel/src/main/java/org/apache/openjpa/kernel/MethodStoreQuery.java,103,283,15,
115,openjpa-jdbc/src/main/java/org/apache/openjpa/jdbc/sql/InformixDictionary.java,102,415,15,
116,openjpa-examples/openbooks/src/main/java/jpa/tools/swing/EntityDataModel.java,100,224,18,
117,openjpa-lib/src/main/java/org/apache/openjpa/lib/meta/CFMetaDataParser.java,100,333,23,
118,openjpa-persistence/src/main/java/org/apache/openjpa/persistence/PersistenceProviderImpl.java,100,431,25,
119,openjpa-persistence/src/main/java/org/apache/openjpa/persistence/EntityManagerFactoryImpl.java,100,442,42,
120,openjpa-kernel/src/main/java/org/apache/openjpa/util/Exceptions.java,99,263,14,
121,openjpa-persistence/src/main/java/org/apache/openjpa/persistence/PersistenceExceptions.java,98,316,18,
122,openjpa-jdbc/src/main/java/org/apache/openjpa/jdbc/meta/strats/StringFieldStrategy.java,97,249,13,
123,openjpa-kernel/src/main/java/org/apache/openjpa/util/ImplHelper.java,97,304,13,
124,openjpa-kernel/src/main/java/org/apache/openjpa/util/CacheMap.java,97,604,55,
125,openjpa-jdbc/src/main/java/org/apache/openjpa/jdbc/kernel/exps/SimpleCaseExpression.java,96,222,20,
126,openjpa-jdbc/src/main/java/org/apache/openjpa/jdbc/sql/SybaseDictionary.java,96,440,15,
127,openjpa-examples/openbooks/src/main/java/jpa/tools/swing/PathFinder.java,95,167,14,
128,openjpa-jdbc/src/main/java/org/apache/openjpa/jdbc/schema/DataSourceFactory.java,95,296,8,
129,openjpa-persistence-jdbc/src/main/java/org/apache/openjpa/persistence/jdbc/PersistenceMappingDefaults.java,94,232,10,
130,openjpa-persistence/src/main/java/org/apache/openjpa/persistence/criteria/SubqueryImpl.java,94,353,43,
131,openjpa-kernel/src/main/java/org/apache/openjpa/datacache/ClearableScheduler.java,93,243,16,
132,openjpa-jdbc/src/main/java/org/apache/openjpa/jdbc/meta/strats/HandlerHandlerMapTableFieldStrategy.java,92,246,6,
133,openjpa-kernel/src/main/java/org/apache/openjpa/enhance/ManagedClassSubclasser.java,92,302,8,
134,openjpa-persistence/src/main/java/org/apache/openjpa/persistence/StoredProcedureQueryImpl.java,92,371,48,
135,openjpa-lib/src/main/java/org/apache/openjpa/lib/graph/DepthFirstAnalysis.java,91,315,15,
136,openjpa-lib/src/main/java/org/apache/openjpa/lib/util/StringUtil.java,91,408,19,
137,openjpa-jdbc/src/main/java/org/apache/openjpa/jdbc/kernel/exps/Extension.java,90,213,14,
138,openjpa-jdbc/src/main/java/org/apache/openjpa/jdbc/meta/strats/ObjectIdValueHandler.java,89,165,8,
139,openjpa-jdbc/src/main/java/org/apache/openjpa/jdbc/kernel/BatchingPreparedStatementManagerImpl.java,89,339,13,
140,openjpa-persistence/src/main/java/org/apache/openjpa/persistence/criteria/PathImpl.java,88,297,24,
141,openjpa-kernel/src/main/java/org/apache/openjpa/enhance/InstrumentationFactory.java,88,358,20,
142,openjpa-kernel/src/main/java/org/apache/openjpa/meta/MetaDataTool.java,87,322,16,
143,openjpa-persistence/src/main/java/org/apache/openjpa/persistence/criteria/FromImpl.java,86,288,37,
144,openjpa-jdbc/src/main/java/org/apache/openjpa/jdbc/kernel/exps/CollectionParam.java,85,188,13,
145,openjpa-jdbc/src/main/java/org/apache/openjpa/jdbc/kernel/PessimisticLockManager.java,85,220,8,
146,openjpa-kernel/src/main/java/org/apache/openjpa/meta/AccessCode.java,85,235,22,
147,openjpa-kernel/src/main/java/org/apache/openjpa/kernel/AuditManager.java,85,336,43,
148,openjpa-jdbc/src/main/java/org/apache/openjpa/jdbc/kernel/exps/InExpression.java,84,213,6,
149,openjpa-lib/src/main/java/org/apache/openjpa/lib/jdbc/DelegatingStatement.java,84,295,54,
150,openjpa-kernel/src/main/java/org/apache/openjpa/kernel/PCState.java,84,432,28,
151,openjpa-jdbc/src/main/java/org/apache/openjpa/jdbc/kernel/DelegatingJDBCFetchConfiguration.java,83,306,60,
152,openjpa-persistence/src/main/java/org/apache/openjpa/persistence/AnnotationBuilder.java,82,174,23,
153,openjpa-slice/src/main/java/org/apache/openjpa/slice/jdbc/UniqueResultObjectProvider.java,82,193,16,
154,openjpa-jdbc/src/main/java/org/apache/openjpa/jdbc/kernel/exps/GeneralCaseExpression.java,82,196,19,
155,openjpa-lib/src/main/java/org/apache/openjpa/lib/log/MultiLogFactory.java,81,188,24,
156,openjpa-kernel/src/main/java/org/apache/openjpa/datacache/DelegatingQueryCache.java,79,221,34,
157,openjpa-lib/src/main/java/org/apache/openjpa/lib/util/Localizer.java,79,281,21,
158,openjpa-examples/openbooks/src/main/java/openbook/tools/CommandProcessor.java,79,326,22,
159,openjpa-jest/src/main/java/org/apache/openjpa/json/JSONObject.java,78,220,18,
160,openjpa-jest/src/main/java/org/apache/openjpa/persistence/jest/JSONObject.java,78,220,18,
161,openjpa-jdbc/src/main/java/org/apache/openjpa/jdbc/kernel/exps/GetMapValue.java,77,197,10,
162,openjpa-examples/openbooks/src/main/java/jpa/tools/swing/ErrorDialog.java,76,216,14,
163,openjpa-jdbc/src/main/java/org/apache/openjpa/jdbc/sql/RowManagerImpl.java,76,265,16,
164,openjpa-jdbc/src/main/java/org/apache/openjpa/jdbc/meta/strats/StateComparisonVersionStrategy.java,76,300,21,
165,openjpa-jdbc/src/main/java/org/apache/openjpa/jdbc/meta/strats/RelationMapInverseKeyFieldStrategy.java,75,198,17,
166,openjpa-jdbc/src/main/java/org/apache/openjpa/jdbc/meta/strats/RelationMapTableFieldStrategy.java,74,198,17,
167,openjpa-jdbc/src/main/java/org/apache/openjpa/jdbc/kernel/ClassTableJDBCSeq.java,74,252,17,
168,openjpa-xmlstore/src/main/java/org/apache/openjpa/xmlstore/XMLStoreManager.java,74,258,10,
169,openjpa-lib/src/main/java/org/apache/openjpa/lib/util/TypedProperties.java,74,301,30,
170,openjpa-jdbc/src/main/java/org/apache/openjpa/jdbc/kernel/exps/CoalesceExpression.java,72,176,18,
171,openjpa-jdbc/src/main/java/org/apache/openjpa/jdbc/schema/DynamicSchemaFactory.java,71,211,25,
172,openjpa-jdbc/src/main/java/org/apache/openjpa/jdbc/meta/strats/RelationStrategies.java,71,230,6,
173,openjpa-lib/src/main/java/org/apache/openjpa/lib/xml/DocTypeReader.java,71,246,16,
174,openjpa-jdbc/src/main/java/org/apache/openjpa/jdbc/kernel/StoredProcedureQuery.java,70,191,17,
175,openjpa-jdbc/src/main/java/org/apache/openjpa/jdbc/schema/SimpleDriverDataSource.java,70,217,30,
176,openjpa-kernel/src/main/java/org/apache/openjpa/kernel/ResultShape.java,70,360,27,
177,openjpa-kernel/src/main/java/org/apache/openjpa/kernel/DelegatingBrokerFactory.java,69,232,39,
178,openjpa-jest/src/main/java/org/apache/openjpa/persistence/jest/JSONObjectFormatter.java,69,273,12,
179,openjpa-lib/src/main/java/org/apache/openjpa/lib/log/LogFactoryImpl.java,69,322,28,
180,openjpa-jdbc/src/main/java/org/apache/openjpa/jdbc/kernel/exps/Trim.java,68,200,15,
181,openjpa-examples/openbooks/src/main/java/jpa/tools/swing/PowerPointViewer.java,68,211,20,
182,openjpa-jdbc/src/main/java/org/apache/openjpa/jdbc/meta/strats/LobFieldStrategy.java,68,215,7,
183,openjpa-jdbc/src/main/java/org/apache/openjpa/jdbc/kernel/exps/ConstPath.java,68,222,19,
184,openjpa-persistence/src/main/java/org/apache/openjpa/persistence/AnnotationPersistenceXMLMetaDataParser.java,68,249,15,
185,openjpa-persistence/src/main/java/org/apache/openjpa/persistence/OpenJPAPersistence.java,68,309,20,
186,openjpa-jdbc/src/main/java/org/apache/openjpa/jdbc/sql/SecondaryRow.java,67,177,9,
187,openjpa-jdbc/src/main/java/org/apache/openjpa/jdbc/kernel/exps/Args.java,67,209,19,
188,openjpa-kernel/src/main/java/org/apache/openjpa/conf/CacheMarshallerImpl.java,67,230,18,
189,openjpa-kernel/src/main/java/org/apache/openjpa/event/JMSRemoteCommitProvider.java,67,260,18,
190,openjpa-jest/src/main/java/org/apache/openjpa/persistence/jest/JESTContext.java,67,299,17,
191,openjpa-jdbc/src/main/java/org/apache/openjpa/jdbc/identifier/QualifiedDBIdentifier.java,67,323,26,
192,openjpa-kernel/src/main/java/org/apache/openjpa/meta/LifecycleMetaData.java,66,244,11,
193,openjpa-lib/src/main/java/org/apache/openjpa/lib/rop/RandomAccessResultList.java,65,211,21,
194,openjpa-jdbc/src/main/java/org/apache/openjpa/jdbc/meta/PropertiesReverseCustomizer.java,65,219,14,
195,openjpa-lib/src/main/java/org/apache/openjpa/lib/jdbc/SQLFormatter.java,65,228,16,
196,openjpa-jdbc/src/main/java/org/apache/openjpa/jdbc/ant/ReverseMappingToolTask.java,64,286,30,
197,openjpa-jdbc/src/main/java/org/apache/openjpa/jdbc/kernel/exps/Param.java,63,157,13,
198,openjpa-kernel/src/main/java/org/apache/openjpa/datacache/DataCachePCDataImpl.java,63,204,23,
199,openjpa-jdbc/src/main/java/org/apache/openjpa/jdbc/kernel/exps/StartsWithExpression.java,63,274,36,
200,openjpa-jdbc/src/main/java/org/apache/openjpa/jdbc/kernel/exps/Aggregate.java,62,159,12,
201,openjpa-lib/src/main/java/org/apache/openjpa/lib/rop/LazyForwardResultList.java,62,188,27,
202,openjpa-lib/src/main/java/org/apache/openjpa/lib/log/SLF4JLogFactory.java,61,125,22,
203,openjpa-kernel/src/main/java/org/apache/openjpa/kernel/SaveFieldManager.java,61,218,9,
204,openjpa-lib/src/main/java/org/apache/openjpa/lib/util/MultiClassLoader.java,61,262,20,
205,openjpa-kernel/src/main/java/org/apache/openjpa/kernel/VersionLockManager.java,60,148,8,
206,openjpa-jdbc/src/main/java/org/apache/openjpa/jdbc/kernel/exps/GetObjectId.java,60,164,10,
207,openjpa-kernel/src/main/java/org/apache/openjpa/datacache/DataCacheManagerImpl.java,60,210,17,
208,openjpa-kernel/src/main/java/org/apache/openjpa/event/RemoteCommitEventManager.java,60,235,17,
209,openjpa-kernel/src/main/java/org/apache/openjpa/conf/MetaDataCacheMaintenance.java,59,186,10,
210,openjpa-persistence/src/main/java/org/apache/openjpa/persistence/query/CaseExpressionImpl.java,59,198,31,
211,openjpa-jdbc/src/main/java/org/apache/openjpa/jdbc/kernel/exps/Lit.java,58,150,13,
212,openjpa-jdbc/src/main/java/org/apache/openjpa/jdbc/kernel/exps/Math.java,58,158,14,
213,openjpa-jdbc/src/main/java/org/apache/openjpa/jdbc/kernel/FinderQueryImpl.java,58,177,8,
214,openjpa-kernel/src/main/java/org/apache/openjpa/kernel/DistinctResultList.java,58,208,39,
215,openjpa-kernel/src/main/java/org/apache/openjpa/meta/QueryMetaData.java,58,286,38,
216,openjpa-examples/openbooks/src/main/java/jpa/tools/swing/SwingHelper.java,57,129,8,
217,openjpa-jdbc/src/main/java/org/apache/openjpa/jdbc/kernel/PreparedSQLStoreQuery.java,57,152,9,
218,openjpa-jdbc/src/main/java/org/apache/openjpa/jdbc/kernel/exps/NullIfExpression.java,57,162,18,
219,openjpa-lib/src/main/java/org/apache/openjpa/lib/identifier/IdentifierRule.java,57,172,27,
220,openjpa-jdbc/src/main/java/org/apache/openjpa/jdbc/schema/LazySchemaFactory.java,57,194,21,
221,openjpa-examples/openbooks/src/main/java/jpa/tools/swing/MetamodelView.java,55,132,5,
222,openjpa-examples/openbooks/src/main/java/jpa/tools/swing/EntityTable.java,55,181,11,
223,openjpa-kernel/src/main/java/org/apache/openjpa/kernel/exps/CandidatePath.java,55,199,18,
224,openjpa-examples/openbooks/src/main/java/jpa/tools/swing/StatusBar.java,54,140,12,
225,openjpa-jdbc/src/main/java/org/apache/openjpa/jdbc/kernel/exps/ExtractDateTimeField.java,54,151,14,
226,openjpa-jdbc/src/main/java/org/apache/openjpa/jdbc/kernel/exps/MapEntry.java,54,159,15,
227,openjpa-jdbc/src/main/java/org/apache/openjpa/jdbc/kernel/exps/IndexOf.java,53,148,13,
228,openjpa-jdbc/src/main/java/org/apache/openjpa/jdbc/kernel/exps/Concat.java,53,151,13,
229,openjpa-jdbc/src/main/java/org/apache/openjpa/jdbc/identifier/Normalizer.java,53,252,22,
230,openjpa-kernel/src/main/java/org/apache/openjpa/meta/InMemoryValueOrder.java,52,107,7,
231,openjpa-jdbc/src/main/java/org/apache/openjpa/jdbc/sql/SQLErrorCodeReader.java,52,146,8,
232,openjpa-lib/src/main/java/org/apache/openjpa/lib/rop/WindowResultList.java,52,158,16,
233,openjpa-jest/src/main/java/org/apache/openjpa/persistence/jest/TokenReplacedStream.java,52,172,11,
234,openjpa-jdbc/src/main/java/org/apache/openjpa/jdbc/kernel/exps/EndsWithExpression.java,52,200,19,
235,openjpa-kernel/src/main/java/org/apache/openjpa/datacache/CacheStatisticsImpl.java,52,212,33,
236,openjpa-kernel/src/main/java/org/apache/openjpa/kernel/SavepointFieldManager.java,52,218,14,
237,openjpa-lib/src/main/java/org/apache/openjpa/lib/util/ParameterTemplate.java,52,232,23,
238,openjpa-persistence-jdbc/src/main/java/org/apache/openjpa/persistence/jdbc/JDBCFetchPlanImpl.java,52,315,51,
239,openjpa-persistence/src/main/java/org/apache/openjpa/persistence/StoreCacheImpl.java,51,170,22,
240,openjpa-jdbc/src/main/java/org/apache/openjpa/jdbc/kernel/JDBCBrokerFactory.java,51,227,15,
241,openjpa-jdbc/src/main/java/org/apache/openjpa/jdbc/ant/MappingToolTask.java,51,235,22,
242,openjpa-kernel/src/main/java/org/apache/openjpa/util/Serialization.java,50,191,14,
243,openjpa-kernel/src/main/java/org/apache/openjpa/kernel/exps/Context.java,50,200,23,
244,openjpa-jdbc/src/main/java/org/apache/openjpa/jdbc/meta/strats/LRSProxyCollection.java,50,217,21,
245,openjpa-examples/simple/src/main/java/relations/Main.java,49,140,6,
246,openjpa-jdbc/src/main/java/org/apache/openjpa/jdbc/kernel/exps/Substring.java,49,144,13,
247,openjpa-kernel/src/main/java/org/apache/openjpa/enhance/PCSubclassValidator.java,49,254,14,
248,openjpa-examples/openbooks/src/main/java/jpa/tools/swing/Finder.java,48,123,8,
249,openjpa-jdbc/src/main/java/org/apache/openjpa/jdbc/sql/BooleanRepresentationFactory.java,48,184,14,
250,openjpa-kernel/src/main/java/org/apache/openjpa/meta/InheritanceComparator.java,47,91,5,
251,openjpa-jdbc/src/main/java/org/apache/openjpa/jdbc/kernel/exps/ExtractDateTimePart.java,47,149,14,
252,openjpa-jdbc/src/main/java/org/apache/openjpa/jdbc/kernel/OperationOrderUpdateManager.java,47,199,6,
253,openjpa-jdbc/src/main/java/org/apache/openjpa/jdbc/sql/IngresDictionary.java,47,291,5,
254,openjpa-jdbc/src/main/java/org/apache/openjpa/jdbc/meta/strats/UntypedPCValueHandler.java,46,128,5,
255,openjpa-lib/src/main/java/org/apache/openjpa/lib/meta/FileMetaDataIterator.java,46,176,12,
256,openjpa-jdbc/src/main/java/org/apache/openjpa/jdbc/kernel/ValueTableJDBCSeq.java,46,197,10,
257,openjpa-lib/src/main/java/org/apache/openjpa/lib/rop/MergedResultObjectProvider.java,46,214,12,
258,openjpa-persistence/src/main/java/org/apache/openjpa/persistence/MixedLockLevelsHelper.java,45,114,6,
259,openjpa-kernel/src/main/java/org/apache/openjpa/kernel/Bootstrap.java,45,152,9,
260,openjpa-lib/src/main/java/org/apache/openjpa/lib/graph/Graph.java,45,170,12,
261,openjpa-kernel/src/main/java/org/apache/openjpa/kernel/LocalManagedRuntime.java,45,199,17,
262,openjpa-lib/src/main/java/org/apache/openjpa/lib/util/Bytes.java,44,156,9,
263,openjpa-jdbc/src/main/java/org/apache/openjpa/jdbc/schema/Sequence.java,44,235,33,
264,openjpa-examples/openbooks/src/main/java/openbook/tools/converter/HTMLTokenRenderer.java,44,281,22,
265,openjpa-kernel/src/main/java/org/apache/openjpa/kernel/exps/SimpleCase.java,43,105,5,
266,openjpa-kernel/src/main/java/org/apache/openjpa/event/MethodLifecycleCallbacks.java,43,142,8,
267,openjpa-persistence/src/main/java/org/apache/openjpa/persistence/criteria/ParameterExpressionImpl.java,43,143,12,
268,openjpa-kernel/src/main/java/org/apache/openjpa/kernel/exps/QueryExpressions.java,43,182,12,
269,openjpa-jdbc/src/main/java/org/apache/openjpa/jdbc/kernel/exps/ConstGetObjectId.java,42,103,8,
270,openjpa-lib/src/main/java/org/apache/openjpa/lib/util/TemporaryClassLoader.java,42,108,8,
271,openjpa-jdbc/src/main/java/org/apache/openjpa/jdbc/meta/strats/MaxEmbeddedCharArrayFieldStrategy.java,42,117,6,
272,openjpa-lib/src/main/java/org/apache/openjpa/lib/util/JavaVersions.java,42,119,7,
273,openjpa-jdbc/src/main/java/org/apache/openjpa/jdbc/sql/FoxProDictionary.java,42,173,5,
274,openjpa-lib/src/main/java/org/apache/openjpa/lib/meta/ClassMetaDataIterator.java,42,185,9,
275,openjpa-jdbc/src/main/java/org/apache/openjpa/jdbc/meta/DelegatingJoinable.java,41,118,6,
276,openjpa-jdbc/src/main/java/org/apache/openjpa/jdbc/kernel/exps/TypeLit.java,41,121,9,
277,openjpa-jdbc/src/main/java/org/apache/openjpa/jdbc/meta/strats/ValueMapDiscriminatorStrategy.java,41,162,6,
278,openjpa-jdbc/src/main/java/org/apache/openjpa/jdbc/sql/Join.java,41,186,25,
279,openjpa-jdbc/src/main/java/org/apache/openjpa/jdbc/meta/strats/MaxEmbeddedBlobFieldStrategy.java,40,110,6,
280,openjpa-jdbc/src/main/java/org/apache/openjpa/jdbc/meta/strats/RelationCollectionTableFieldStrategy.java,40,111,8,
281,openjpa-jdbc/src/main/java/org/apache/openjpa/jdbc/meta/strats/VerticalClassStrategy.java,40,145,5,
282,openjpa-lib/src/main/java/org/apache/openjpa/lib/log/CommonsLogFactory.java,39,108,19,
283,openjpa-slice/src/main/java/org/apache/openjpa/slice/jdbc/DistributedDataSource.java,39,108,10,
284,openjpa-lib/src/main/java/org/apache/openjpa/lib/graph/BreadthFirstWalk.java,39,120,8,
285,openjpa-kernel/src/main/java/org/apache/openjpa/event/TransactionEventManager.java,39,122,6,
286,openjpa-slice/src/main/java/org/apache/openjpa/slice/DistributedBrokerImpl.java,39,164,15,
287,openjpa-kernel/src/main/java/org/apache/openjpa/kernel/PNonTransState.java,38,124,10,
288,openjpa-kernel/src/main/java/org/apache/openjpa/util/Id.java,38,139,13,
289,openjpa-lib/src/main/java/org/apache/openjpa/lib/util/ClassUtil.java,38,189,7,
290,openjpa-persistence/src/main/java/org/apache/openjpa/persistence/criteria/RootImpl.java,37,111,7,
291,openjpa-examples/openbooks/src/main/java/jpa/tools/swing/EntityTableView.java,37,128,7,
292,openjpa-examples/openbooks/src/main/java/openbook/client/DeliveryPage.java,37,149,16,
293,openjpa-examples/openbooks/src/main/java/jpa/tools/swing/RoundButton.java,36,90,8,
294,openjpa-jdbc/src/main/java/org/apache/openjpa/jdbc/kernel/exps/Type.java,36,101,6,
295,openjpa-lib/src/main/java/org/apache/openjpa/lib/log/Log4J2LogFactory.java,36,105,18,
296,openjpa-lib/src/main/java/org/apache/openjpa/lib/log/Log4JLogFactory.java,36,106,18,
297,openjpa-lib/src/main/java/org/apache/openjpa/lib/xml/XMLWriter.java,36,121,5,
298,openjpa-tools/openjpa-fetch-statistics/src/main/java/org/apache/openjpa/enhance/stats/FetchStatsCollector.java,36,129,15,
299,openjpa-lib/src/main/java/org/apache/openjpa/lib/meta/ZipStreamMetaDataIterator.java,36,137,12,
300,openjpa-jdbc/src/main/java/org/apache/openjpa/jdbc/meta/MetaDataPlusMappingFactory.java,36,145,13,
301,openjpa-lib/src/main/java/org/apache/openjpa/lib/jdbc/DelegatingDataSource.java,36,152,19,
302,openjpa-jest/src/main/java/org/apache/openjpa/persistence/jest/JESTServlet.java,36,164,10,
303,openjpa-kernel/src/main/java/org/apache/openjpa/kernel/DelegatingExtent.java,36,174,29,
304,openjpa-lib/src/main/java/org/apache/openjpa/lib/conf/PluginValue.java,36,174,15,
305,openjpa-lib/src/main/java/org/apache/openjpa/lib/conf/PluginListValue.java,36,198,11,
306,openjpa-lib/src/main/java/org/apache/openjpa/lib/util/UUIDGenerator.java,36,244,13,
307,openjpa-jest/src/main/java/org/apache/openjpa/persistence/jest/Closure.java,35,98,6,
308,openjpa-kernel/src/main/java/org/apache/openjpa/meta/DelegatingMetaDataFactory.java,35,137,20,
309,openjpa-lib/src/main/java/org/apache/openjpa/lib/meta/ZipFileMetaDataIterator.java,35,145,10,
310,openjpa-lib/src/main/java/org/apache/openjpa/lib/meta/JarFileURLMetaDataIterator.java,35,176,10,
311,openjpa-kernel/src/main/java/org/apache/openjpa/kernel/exps/Coalesce.java,34,90,6,
312,openjpa-lib/src/main/java/org/apache/openjpa/lib/rop/SimpleResultList.java,34,107,14,
313,openjpa-persistence/src/main/java/org/apache/openjpa/persistence/TupleImpl.java,34,110,12,
314,openjpa-xmlstore/src/main/java/org/apache/openjpa/xmlstore/XMLStore.java,34,140,7,
315,openjpa-kernel/src/main/java/org/apache/openjpa/conf/Specification.java,34,144,15,
316,openjpa-lib/src/main/java/org/apache/openjpa/lib/graph/Edge.java,34,197,20,
317,openjpa-kernel/src/main/java/org/apache/openjpa/kernel/exps/NullIf.java,33,95,7,
318,openjpa-kernel/src/main/java/org/apache/openjpa/kernel/exps/ExtractDateTimePart.java,33,99,12,
319,openjpa-lib/src/main/java/org/apache/openjpa/lib/util/ReferenceHashMap.java,33,134,16,
320,openjpa-kernel/src/main/java/org/apache/openjpa/util/Proxies.java,33,160,5,
321,openjpa-jdbc/src/main/java/org/apache/openjpa/jdbc/meta/NoneMappingDefaults.java,33,219,20,
322,openjpa-jdbc/src/main/java/org/apache/openjpa/jdbc/meta/SequenceMapping.java,33,249,29,
323,openjpa-jdbc/src/main/java/org/apache/openjpa/jdbc/meta/strats/MaxEmbeddedByteArrayFieldStrategy.java,32,99,5,
324,openjpa-examples/openbooks/src/main/java/openbook/util/Randomizer.java,32,100,7,
325,openjpa-tools/openjpa-fetch-statistics/src/main/java/org/apache/openjpa/enhance/stats/FetchStatisticsAuxEnhancer.java,32,105,9,
326,openjpa-examples/openbooks/src/main/java/jpa/tools/swing/SourceCodeViewer.java,32,114,7,
327,openjpa-examples/openbooks/src/main/java/openbook/client/SourceCodeBrowser.java,32,118,11,
328,openjpa-examples/openbooks/src/main/java/openbook/domain/Range.java,32,137,10,
329,openjpa-examples/openbooks/src/main/java/openbook/tools/util/URIUtils.java,32,138,6,
330,openjpa-jdbc/src/main/java/org/apache/openjpa/jdbc/kernel/exps/Variable.java,32,177,15,
331,openjpa-kernel/src/main/java/org/apache/openjpa/datacache/PartitionedDataCache.java,32,179,10,
332,openjpa-examples/openbooks/src/main/java/openbook/tools/ant/Java2HTMLConverterTask.java,32,207,28,
333,openjpa-slice/src/main/java/org/apache/openjpa/slice/SliceImplHelper.java,31,105,5,
334,openjpa-persistence/src/main/java/org/apache/openjpa/persistence/criteria/FetchPathImpl.java,31,107,14,
335,openjpa-kernel/src/main/java/org/apache/openjpa/kernel/DelegatingSeq.java,31,124,17,
336,openjpa-persistence-jdbc/src/main/java/org/apache/openjpa/persistence/jdbc/JDBCPersistenceProductDerivation.java,31,125,5,
337,openjpa-lib/src/main/java/org/apache/openjpa/lib/jdbc/DataSourceLogs.java,31,125,12,
338,openjpa-kernel/src/main/java/org/apache/openjpa/validation/ValidatingLifecycleEventManager.java,31,144,10,
339,openjpa-kernel/src/main/java/org/apache/openjpa/instrumentation/jmx/JMXProvider.java,31,176,10,
340,openjpa-kernel/src/main/java/org/apache/openjpa/conf/CacheMarshallersValue.java,30,108,6,
341,openjpa-jest/src/main/java/org/apache/openjpa/persistence/jest/PrototypeFactory.java,30,116,8,
342,openjpa-kernel/src/main/java/org/apache/openjpa/util/asm/EnhancementProject.java,30,120,8,
343,openjpa-jdbc/src/main/java/org/apache/openjpa/jdbc/kernel/SQLProjectionResultObjectProvider.java,30,122,6,
344,openjpa-kernel/src/main/java/org/apache/openjpa/util/MapChangeTrackerImpl.java,30,126,9,
345,openjpa-jdbc/src/main/java/org/apache/openjpa/jdbc/sql/DerbyDictionary.java,30,214,9,
346,openjpa-jdbc/src/main/java/org/apache/openjpa/jdbc/meta/strats/MaxEmbeddedClobFieldStrategy.java,29,87,5,
347,openjpa-jdbc/src/main/java/org/apache/openjpa/jdbc/meta/JDBCRelatedFieldOrder.java,29,102,7,
348,openjpa-kernel/src/main/java/org/apache/openjpa/meta/NonPersistentMetaData.java,29,136,17,
349,openjpa-persistence/src/main/java/org/apache/openjpa/persistence/validation/ValidationUtils.java,29,139,5,
350,openjpa-kernel/src/main/java/org/apache/openjpa/kernel/exps/Extension.java,28,87,6,
351,openjpa-kernel/src/main/java/org/apache/openjpa/util/ArrayStateImage.java,28,95,6,
352,openjpa-kernel/src/main/java/org/apache/openjpa/kernel/PNewState.java,28,98,14,
353,openjpa-examples/openbooks/src/main/java/openbook/client/SupplyPage.java,28,120,12,
354,openjpa-slice/src/main/java/org/apache/openjpa/slice/jdbc/DistributedJDBCBrokerFactory.java,28,121,10,
355,openjpa-jdbc/src/main/java/org/apache/openjpa/jdbc/ant/SchemaToolTask.java,28,141,13,
356,openjpa-persistence-jdbc/target/idtooltest/org/apache/openjpa/idtool/RecordsPerYearId.java,27,84,12,
357,openjpa-examples/openbooks/src/main/java/openbook/util/JSPUtility.java,27,95,8,
358,openjpa-kernel/src/main/java/org/apache/openjpa/kernel/Audited.java,27,113,8,
359,openjpa-lib/src/main/java/org/apache/openjpa/lib/conf/StringListValue.java,27,126,10,
360,openjpa-lib/src/main/java/org/apache/openjpa/lib/log/JULLogFactory.java,27,133,21,
361,openjpa-jdbc/src/main/java/org/apache/openjpa/jdbc/kernel/XROP.java,27,185,18,
362,openjpa-kernel/src/main/java/org/apache/openjpa/kernel/exps/Aggregate.java,26,90,6,
363,openjpa-kernel/src/main/java/org/apache/openjpa/kernel/PDirtyState.java,26,96,15,
364,openjpa-examples/openbooks/src/main/java/jpa/tools/swing/IndexedMap.java,26,119,13,
365,openjpa-kernel/src/main/java/org/apache/openjpa/util/CollectionChangeTrackerImpl.java,26,120,8,
366,openjpa-kernel/src/main/java/org/apache/openjpa/kernel/TransferFieldManager.java,26,131,21,
367,openjpa-kernel/src/main/java/org/apache/openjpa/datacache/ConcurrentDataCache.java,26,166,21,
368,openjpa-kernel/src/main/java/org/apache/openjpa/kernel/PDeletedState.java,25,95,15,
369,openjpa-lib/src/main/java/org/apache/openjpa/lib/rop/ResultObjectProviderIterator.java,25,103,11,
370,openjpa-kernel/src/main/java/org/apache/openjpa/meta/XMLClassMetaData.java,25,121,19,
371,openjpa-jdbc/src/main/java/org/apache/openjpa/jdbc/meta/strats/ClassNameDiscriminatorStrategy.java,25,121,7,
372,openjpa-jdbc/src/main/java/org/apache/openjpa/jdbc/kernel/GenericResultObjectProvider.java,25,122,6,
373,openjpa-examples/openbooks/src/main/java/openbook/domain/ShoppingCart.java,25,123,9,
374,openjpa-lib/src/main/java/org/apache/openjpa/lib/rop/RangeResultObjectProvider.java,25,124,10,
375,openjpa-kernel/src/main/java/org/apache/openjpa/conf/RemoteCommitProviderValue.java,25,125,11,
376,openjpa-kernel/src/main/java/org/apache/openjpa/conf/OpenJPAVersion.java,25,128,8,
377,openjpa-kernel/src/main/java/org/apache/openjpa/datacache/ConcurrentQueryCache.java,25,155,19,
378,openjpa-slice/src/main/java/org/apache/openjpa/slice/jdbc/TargetFetchConfiguration.java,24,97,8,
379,openjpa-kernel/src/main/java/org/apache/openjpa/kernel/exps/ExtractDateTimeField.java,23,88,7,
380,openjpa-jdbc/src/main/java/org/apache/openjpa/jdbc/kernel/exps/Count.java,23,88,7,
381,openjpa-jdbc/src/main/java/org/apache/openjpa/jdbc/meta/strats/RelationCollectionInverseKeyFieldStrategy.java,23,93,8,
382,openjpa-kernel/src/main/java/org/apache/openjpa/kernel/PNewFlushedDeletedState.java,23,95,15,
383,openjpa-jdbc/src/main/java/org/apache/openjpa/jdbc/meta/RuntimeStrategyInstaller.java,23,106,8,
384,openjpa-jdbc/src/main/java/org/apache/openjpa/jdbc/kernel/exps/FilterValueImpl.java,23,113,16,
385,openjpa-examples/openbooks/src/main/java/openbook/tools/converter/ParseTokenListener.java,23,124,8,
386,openjpa-jdbc/src/main/java/org/apache/openjpa/jdbc/kernel/exps/WhenCondition.java,22,82,7,
387,openjpa-kernel/src/main/java/org/apache/openjpa/kernel/exps/Args.java,22,84,7,
388,openjpa-kernel/src/main/java/org/apache/openjpa/kernel/EDirtyState.java,22,92,14,
389,openjpa-kernel/src/main/java/org/apache/openjpa/kernel/PNewDeletedState.java,22,92,14,
390,openjpa-jest/src/main/java/org/apache/openjpa/persistence/jest/QueryCommand.java,22,92,7,
391,openjpa-persistence/src/main/java/org/apache/openjpa/persistence/QueryResultCacheImpl.java,22,98,10,
392,openjpa-kernel/src/main/java/org/apache/openjpa/event/LogOrphanedKeyAction.java,22,100,5,
393,openjpa-jdbc/src/main/java/org/apache/openjpa/jdbc/meta/strats/MultiColumnVersionStrategy.java,22,101,8,
394,openjpa-lib/src/main/java/org/apache/openjpa/lib/conf/ObjectValue.java,22,138,12,
395,openjpa-jdbc/src/main/java/org/apache/openjpa/jdbc/kernel/exps/WhenScalar.java,21,81,7,
396,openjpa-kernel/src/main/java/org/apache/openjpa/datacache/TypeBasedCacheDistributionPolicy.java,21,89,6,
397,openjpa-kernel/src/main/java/org/apache/openjpa/kernel/PNewProvisionalState.java,21,96,14,
398,openjpa-kernel/src/main/java/org/apache/openjpa/meta/XMLFieldMetaData.java,21,117,20,
399,openjpa-jdbc/src/main/java/org/apache/openjpa/jdbc/meta/RefreshStrategyInstaller.java,21,129,11,
400,openjpa-examples/openbooks/src/main/java/openbook/domain/Book.java,21,136,12,
401,openjpa-kernel/src/main/java/org/apache/openjpa/kernel/PNonTransDeletedState.java,20,82,11,
402,openjpa-examples/openbooks/src/main/java/openbook/domain/LineItem.java,20,127,8,
403,openjpa-persistence/src/main/java/org/apache/openjpa/persistence/TupleFactory.java,19,81,7,
404,openjpa-kernel/src/main/java/org/apache/openjpa/kernel/ECopyState.java,19,86,12,
405,openjpa-kernel/src/main/java/org/apache/openjpa/kernel/PCleanState.java,19,89,13,
406,openjpa-lib/src/main/java/org/apache/openjpa/lib/rop/ListResultList.java,19,126,20,
407,openjpa-kernel/src/main/java/org/apache/openjpa/enhance/PCEnhancerAgent.java,19,178,8,
408,openjpa-kernel/src/main/java/org/apache/openjpa/conf/AutoDetachValue.java,18,80,5,
409,openjpa-kernel/src/main/java/org/apache/openjpa/kernel/ENonTransState.java,18,80,9,
410,openjpa-lib/src/main/java/org/apache/openjpa/lib/meta/ClassAnnotationMetaDataFilter.java,18,85,7,
411,openjpa-jdbc/src/main/java/org/apache/openjpa/jdbc/kernel/exps/CurrentTemporal.java,18,86,12,
412,openjpa-jest/src/main/java/org/apache/openjpa/persistence/jest/FindCommand.java,18,90,6,
413,openjpa-jdbc/src/main/java/org/apache/openjpa/jdbc/schema/Index.java,18,93,9,
414,openjpa-lib/src/main/java/org/apache/openjpa/lib/util/OrderedMap.java,18,104,15,
415,openjpa-lib/src/main/java/org/apache/openjpa/lib/meta/ResourceMetaDataIterator.java,18,104,8,
416,openjpa-kernel/src/main/java/org/apache/openjpa/kernel/OpenJPASavepoint.java,18,112,8,
417,openjpa-kernel/src/main/java/org/apache/openjpa/kernel/ECleanState.java,17,88,13,
418,openjpa-lib/src/main/java/org/apache/openjpa/lib/log/NoneLogFactory.java,17,90,17,
419,openjpa-lib/src/main/java/org/apache/openjpa/lib/meta/MetaDataIteratorChain.java,17,101,8,
420,openjpa-jdbc/src/main/java/org/apache/openjpa/jdbc/sql/InterbaseDictionary.java,17,123,7,
421,openjpa-kernel/src/main/java/org/apache/openjpa/instrumentation/InstrumentationManagerImpl.java,16,99,6,
422,openjpa-persistence/src/main/java/org/apache/openjpa/persistence/ParameterImpl.java,16,108,8,
423,openjpa-lib/src/main/java/org/apache/openjpa/lib/util/ReferenceHashSet.java,16,117,17,
424,openjpa-jdbc/src/main/java/org/apache/openjpa/jdbc/meta/strats/NoneClassStrategy.java,15,81,5,
425,openjpa-persistence/src/main/java/org/apache/openjpa/persistence/GeneratorImpl.java,15,83,7,
426,openjpa-kernel/src/main/java/org/apache/openjpa/kernel/HollowState.java,15,85,10,
427,openjpa-lib/src/main/java/org/apache/openjpa/lib/jdbc/DecoratingDataSource.java,15,91,8,
428,openjpa-examples/openbooks/src/main/java/openbook/domain/Inventory.java,15,112,9,
429,openjpa-lib/src/main/java/org/apache/openjpa/lib/util/concurrent/ConcurrentReferenceHashSet.java,15,114,16,
430,openjpa-jdbc/src/main/java/org/apache/openjpa/jdbc/schema/FileSchemaFactory.java,14,100,10,
431,openjpa-kernel/src/main/java/org/apache/openjpa/ant/ApplicationIdToolTask.java,14,101,8,
432,openjpa-kernel/src/main/java/org/apache/openjpa/conf/SpecificationPlugin.java,14,110,6,
433,openjpa-persistence/src/main/java/org/apache/openjpa/persistence/ExtentImpl.java,14,112,13,
434,openjpa-kernel/src/main/java/org/apache/openjpa/audit/AuditLogger.java,13,80,7,
435,openjpa-kernel/src/main/java/org/apache/openjpa/ant/PCEnhancerTask.java,13,83,5,
436,openjpa-jdbc/src/main/java/org/apache/openjpa/jdbc/meta/JDBCColumnOrder.java,13,88,10,
437,openjpa-lib/src/main/java/org/apache/openjpa/lib/rop/ListResultObjectProvider.java,12,83,12,
438,openjpa-lib/src/main/java/org/apache/openjpa/lib/util/LRUMap.java,12,87,11,YES (last-3)
439,openjpa-kernel/src/main/java/org/apache/openjpa/instrumentation/jmx/DataCacheJMXInstrument.java,12,89,7,
440,openjpa-kernel/src/main/java/org/apache/openjpa/meta/NoneMetaDataFactory.java,7,178,33,
441,openjpa-jdbc/src/main/java/org/apache/openjpa/jdbc/identifier/DefaultIdentifierConfiguration.java,3,81,13,
